PRO;Ja, seinen Müll immer ordentlich zu trennen ist nervig und mühselig. Drei verschiedene Müllbeutel müffeln in der Küche und müssen in drei unterschiedliche Tonnen einsortiert werden. Aber immer noch wird in Deutschland viel zu viel Müll produziert und zu viele Ressourcen gehen verloren, wenn zusammen verbrannt wird, was getrennt eigentlich verwertet werden könnte. Wir Berliner sollten die Chance nutzen und Vorreiter im Mülltrennen werden!
PRO;"In Friedrichshain oder Neukölln kann man sich heutzutage nicht mehr bewegen, ohne permanent den Boden nach Hundehaufen abzusuchen. Und wenn man doch mal Pech hat und eine der vielen ""Tretminen"" trifft, muss man sich die stinkenden Hinterlassenschaften mühselig von der Sohle kratzen. Höhere Geldstrafen sind da das richtige Mittel gegen nachlässige, faule oder einfach gedankenlose Hundehalter. Klar, die müssen erstmal von den wenigen Ordnungsbeamten erwischt werden, aber wenn sie dann die Brieftasche zücken müssen, wird ihnen die Faulheit schon vergehen!"
CONTRA;Die Krankenkassen sollten Behandlungen beim Natur- oder Heilpraktiker nicht zahlen, es sei denn der versprochene Effekt und dessen medizinischer Nutzen sind handfest nachgewiesen. Genau dieser Nachweis fehlt jedoch in den meisten Fällen. Zwar verweisen die Patienten oft auf eine Linderung ihrer Beschwerden nach derartigen Behandlungen. Solange aber nicht klar ist, wieso es dazu kommt, sollte das Geld besser für Behandlungen ausgegeben werden, bei denen man es mit Sicherheit weiss.
CONTRA;Natürlich gibt es auch im Öffentlich-Rechtlichen einige Sendungen, die den Rundfunkbeitrag nicht wert sind, und andere, wie der Musikantenstadl oder die vielen Telenovelas, sind nur für bestimmte Zuschauergruppen interessant. Trotzdem sollten alle gleichermaßen für die Finanzierung der öffentlich rechtlichen Sender aufkommen, denn wir brauchen allgemeine und unabhängige Medien. Schließlich wollen wir unsereren Blick auf die Welt weder durch die Brille der Regierung noch durch die von reichen Medienunternehmern bekommen.
PRO;Die Geheimdienste müssen dringend stärker vom Parlament kontrolliert werden, das sollte jedem nach den Enthüllungen von Edward Snowden klar sein. Die betreffen zwar vor allem die britischen und amerikanischen Geheimdienste, aber mit denen arbeiten die Deutschen Dienste bekanntermaßen eng zusammen. Deren Werkzeuge, Daten und Knowhow wird schon lange zu unserer Überwachung genutzt.
CONTRA;Die Todesstrafe ist ein Rechtsmittel, welches als solches in Deutschland nicht anwendbar ist. Zum einen ist in unserer Verfassung eine unantastbare Menschenwürde verankert und zum anderen kann sich kein Mensch ein Recht herausnehmen, über den Tod eines anderen Menschen entscheiden zu dürfen. Auch wenn viele Menschen denken, dass ein Mörder bereits über Leben und Tod eines anderen Menschen entschieden hat, ist dies ja die Straftat, die wir nicht mit eben solcher vergelten können.
PRO;Hundehaufen auf Gehwegen erfordern meine komplette, auf den Boden gerichtete, Aufmerksamkeit auf dem Weg zur Arbeit. Dadurch entsteht eine Unachtsamkeit im Straßenverkehr, die vergleichbar mit einem Delikt der StVo ist. Deshalb sollte die Verursachung eines solchen Hindernisses stärker geahndet werden. Hundehalter mögen denken, dass ein Hundehaufen nur ein harmlose Sekret eines Tieres wie jedes andere ist. Doch dann verkennen sie die Auswirkungen auf den Straßenverkehr.
CONTRA;"Natürlich wäre es schön einfach, wenn ich nach einer feuchtfröhlichen Nacht mit der Disko-Bekanntschaft am nächsten Morgen nur noch ""die Pille danach"" nehmen muss und dann beruhigt sein kann. Doch so einfach ist es nicht. Vielleicht ist in dieser Nacht schon ein neues Leben entstanden. Ich würde es ohne Nachzudenken töten. Deshalb sollte ein Besuch beim Arzt und die ärztliche Beratung verpflichtend bleiben."
PRO;Dass Mieter heutzutage bei einem Neueinzug einen viel höheren Preis als der Vormieter zahlen müssen, ist ungerecht und nicht mehr zu rechtfertigen. Sicherlich muss der Vermieter einige Instandsetzungs-Maßnahmen vor Neueinzug zahlen. Doch diese Ausgaben müssten auch durch minimale Mieterhöhungen über den gesamten Mietzeitraum getilgt werden können. Zumal der Mietpreis gegenüber dem Grundmietpreis für einen ausreichenden Gewinn nicht bei jeder Neuvermietung angehoben werden muss.
PRO;"Alternative Heilpraktiken sollten genauso wie ärztliche Behandlungen bezuschusst werden, weil beide Wege zur Verhinderung, Minderung oder Heilung einer Krankheit führen könnten. Zudem müsste es im Sinne der Krankenkassen liegen, Naturheilpraktiken als ärztliche Behandlung anzuerkennen, da eine Chance der Genesung besteht. Es spielt dabei doch keine Rolle, dass die Behandelnden nicht den ""Ärzte-Status"" tragen."
PRO;Für auf dem Bürgersteig hinterlassene Hundehaufen sollte man Hundebesitzer ruhig etwas mehr zur Kasse bitten. Die Tiere an sich können zwar nichts dafür, aber einmal hineingetreten, scheinen ihre Exkremente überaus hartnäckig an den Schuhsohlen zu haften.
PRO;"Manche mögen das Konzept der Schul-Uniform anachronistisch finden, oder als einen zu starken Eingriff in den Entscheidungsspielraum von Schülern und Eltern begreifen. In der Tat ist es jedoch heute schon so, dass die Schüler auch vermeintlich ""Uniform-freier"" Schulen im Prinzip eine Uniform tragen, die aus bestimmten Markenklamotten besteht. Ein einfach gestaltetes, praktisches Outfit würde das visuelle Gesamtbild der Schule beruhigen, und den Fokus auf Charakter und Leistungen der Schüler - und nicht ihre Kaufkraft - lenken."
PRO;"Selbstverständlich sollten die Krankenkassen Behandlungen der alternativen Medizin unterstützen. Nicht alle Praktiken und Ansätze, die sich unter dieser Bezeichnung verbergen, mögen durch klinische Studien bestärkt worden sein, jedoch ist gerade deren positive Wirkung in Begleitung konventioneller ""westlicher"" medizinischer Therapien durchaus belegbar. Ausserdem bieten viele niedergelassene Ärzte derlei Beratungen und Leistungen sowieso parallel an - und wer wird deren breitere Expertise in Frage stellen wollen?"
PRO;Eigentlich sollten nur die einen Rundfunkbeitrag zahlen, die auch wirklich ARD, ZDF, Arte usw. gucken. Es ist ja an und für sich gut, ein anspruchsvolleres Programm durch Gebühren zu unterstützen. Kurioserweise gibt es jedoch trotzdem Werbung und Produktplatzierung auf den Öffentlichen. Wofür zahlt man dann noch? Dass immer die gleichen Schauspieltruppen sich einen Lenz an exotischen Drehorten machen? Auch die Drehbücher sind oft voneinander abgekupfert.
PRO;Also, ich als Arbeitnehmer fände es sehr praktisch, zumindest an Wochenenden einkaufen zu können. Klar müssen dann auch Leute am Wochenende in den Läden arbeiten, aber die haben dann eben innerhalb der Woche frei und können in Ruhe Termine wahrnehmen, während ich im Büro sitze. Ausserdem will doch der Staat, dass ich mein Geld ausgebe, und wie soll ich dass machen, wenn die Geschäfte nicht offen sind, wenn ich frei habe?
PRO;Die Idee des Bachelorstudiums ist, die Gesamtnote aus zahlreichen Einzelleistungen zusammenzusetzen, um die Endnote zu generieren. Dies entspricht auch eher der späteren Arbeitswelt, in der Leistung nicht singulär, sondern regelmäßig und über längere Zeit hinweg erbracht werden soll. Daher macht es Sinn, dass die Bachelorarbeit nur einen relativ kleinen Teil der Endnote ausmacht (15 von 120 SP). Allerdings differiert der unterschiedliche Aufwand für die einzelnen, teils gleichwertigen Module stark. Es wäre also sinnvoll, den Aufwand der Abschlussarbeit(en) entsprechend anzupassen.
PRO;Die Mietpreise sollten bei einem Mieterwechsel durch eine Höchstgrenze limitiert sein. Zwar wollen die Vermieter möglichst viel verdienen und viele sind dem Marktprinzip entsprechend auch bereit die höheren Mieten zu zahlen, aber dass Menschen mit gleichem Einkommen plötzlich mehr zahlen sollen und nicht mehr in der selben Wohnung leben dürfen, scheint unplausibel. Die Gentrifizierung zerstört ganze Stadtteile und deren Kultur.
CONTRA;Die Wahl des behandelnden Arztes steht dem Patienten frei. Jedoch ist das Geld der Gesundheitskassen eine Gemeinschaftsleistung aller Beitragszahler. Sie sollten nicht für persönliche Vorlieben ohne nachweislichen Nutzen aufgewendet werden. Die Wirkung vieler Naturheilmittel ist nicht erwiesen. Daher sollten keine ungeprüften und unanerkannten Behandlungen bei Naturheilkundlern von den Kassen erstattet werden.
CONTRA;Es ist erstrebenswert, dass niemand sein Vermögen am Fiskus vorbeischleust. Wer dies doch tut oder versucht, sollte nach Möglichkeit zur Rechenschaft gezogen werden. Andererseits werden aus staatlichen Mitteln zahlreiche sinnfreie Investitionen verschwendet, sodass dieser ideell in vielen Bereichen nicht unterstützenswert erscheint. Zudem ist der Handel mit Informationen offensichtlich von Profitgier getrieben. Steuerdaten, die nicht kostenfrei zur Verfügung gestellt werden, sollten daher nicht vom Staat gekauft werden.
CONTRA;Die Olympischen Disziplinen entspringen alten Traditionen. Andererseits haben die Olympische Disziplinen zudem einen kulturell bedingten Charakter. Unsere Gesellschaft ist stark von Computern geprägt und digitalisiert. Jedoch ist Sport im Allgemeinen mit körperlicher Ertüchtigung verbunden. Da aber auch Skat, Schach etc. nicht als Olympische Disziplinen geführt werden, sollten auch Computerspiele nicht als Olympische Disziplinen anerkannt werde.
CONTRA;In Deutschland sollten keine Studiengebühren verlangt werden. Studieren und weiterbildendes Studium muss ein Grundrecht eines jeden Menschen sein. Studiengebühren bedingen eine Verlängerung der Studienzeiten. Das kostet!
CONTRA;Nein, das Rentenalter sollte wieder auf 65 Jahre erhöht werden. Die Menschen werden im Durchschnitt älter, sie sind damit aber im Durchschnitt nicht kränker und nicht dümmer. Ohne sie würden wir auf ein großes Maß an gesammelten Erfahrungen verzichten. Außerdem müssten mehr Beschäftigungsangebote für die Senioren bereitgestellt werden.
CONTRA;"Kein Mensch oder menschliches Gremium sollte wieder die Erlaubnis bekommen, über ""Leben oder Tod"" zu entscheiden. Auch Gerichte unterliegen menschlichen Irrtümern. Deshalb sollte Deutschland die Todesstrafe nicht einführen! Jeder Mensch, auch der, der ein verurteilungswürdiges Verbrechen begangen hat, kann sich zu einer bereuenden Meinungsänderung durchringen. Einer Wiedergutmachung muss eine Tür offengehalten werden."
PRO;Dem Mietwucher sollte durch Begrenzung der Mietpreiserhöhung bei Wohnungswechsel ein Riegel vorgeschoben werden. Denn bezahlbarer Wohnraum ist knapp. Zudem ist ein hoher Luxusgrad (teure Wohnungen) für die Mehrheit der Menschen nicht notwendig, sondern vielmehr eine Wohnung überhaupt. Außerdem muss jeder in seinem Leben ca. 3-10 Mal umziehen, weil sich die Größe der gewünschten Wohnung im Laufe eines Lebens ändert.
PRO;Seit Menschen gedenken gibt es Naturheilpraktiken, sie waren nicht generell wirkungslos. Die Verringerung von chemisch hergestellten Medikamenten pro Person ist auf jeden Fall wünschenswert. Der Pharmaindustrie kann dies nur wenig Schaden bringen, auch die Schulmedizin wird kaum darunter leiden. Der Patient könnte daraus lernen, gesünder und bewusster mit seinem Körper umzugehen.
PRO;Die gesetzlichen Krankenkassen sollten auch Behandlungen beim Natur- oder Heilpraktiker zahlen. Deren Behandlungsmethoden und -Erfolge sind zwar nicht hinreichend erforscht oder nachgewiesen. Doch viele Patienten empfinden subjektiv eine Linderung oder Heilung ihrer Beschwerden, wodurch letztlich auch Kosten für Behandlungen und Medikamente der klassischen Medizin eingespart werden. Auch die (kassen-)ärztliche Kunst ist in vielen Fällen nicht erfolgreich und zudem mit erheblichen Risiken und Nebenwirkungen verbunden.
CONTRA;Die Todesstrafe sollte weltweit abgeschafft werden. Aus christlicher und humanistischer Sicht ist es nicht erlaubt, jemanden zu töten. Befürworter der Todesstrafe setzen auf die abschreckende Wirkung sowie die endgültige Eliminierung einer potentiellen Gefahr. Offensichtlich kann aber auch die drohende Todesstrafe in entsprechenden Ländern nicht verhindern, dass es Mord und Gewaltverbrechen gibt. Zudem stellt sich immer wieder heraus, dass auch Menschen unschuldig verurteilt oder hingerichtet wurden.
CONTRA;Die Universitäten in Deutschland sollten auf keinen Fall Studiengebühren erheben. Dadurch würde finanziell schwächer Gestellten der Zugang erschwert oder verwehrt. Die erhofften Ziele von Studiengebühren können auf andere Weise erreicht werden. Als Motivation für eine straffere Studiendisziplin gibt es andere Instrumentarien. Und zur Finanzierung sollte u. a. geprüft werden, wie bei Studenten aus anderen (Bundes-) Ländern die Kosten von diesen zu erstatten sind.
CONTRA;Der Rundfunkbeitrag kann nur von allen Bürgern/Haushalten gleichermaßen eingefordert werden. Kritiker führen an, dass sie das Angebot der Öffentlich Rechtlichen Sender gar nicht nutzen würden. Ich bezweifle zwar, dass es überhaupt jemanden gibt, der niemals ein Angebot der Öffentlich Rechtlichen Sender zumindest indirekt nutzt. Es ist jedoch nicht möglich, dies zu kontrollieren, um differenzierte Gebühren zu erheben. Ebenso, wie andere Angebote der Kultur oder Infrastruktur, sind auch die Öffentlich Rechtlichen Sender unabhängig davon zu finanzieren, ob der Einzelne dieses Angebot nutzt oder nicht.
CONTRA;An unseren Schulen sollten keine Schul-Uniformen getragen werden. Sie bieten zwar den Vorteil, dass die Konkurrenz von Markenkleidung und die Benachteiligung sozial Schwacher verhindert werden. Dennoch möchte kaum jemand sich oder seine Kinder in Einheits-Uniform kleiden. Zudem stehen solche Uniformen auch für eine ideologische Gleichschaltung und für die Unterdrückung einer individuellen Persönlichkeitsentfaltung.
CONTRA;In Deutschland sollte man die Todesstrafe nicht wieder einführen, da sich niemand das Recht anmaßen kann, über Leben oder Tod eines anderen Menschen zu entscheiden. Die Todesstrafe wird keinen anderen von einer Untat abhalten. Jedem muss die Gelegenheit gegeben werden, sein Gewissen zu schärfen und seine Tat möglichst wieder gutzumachen.
PRO;Für Hundehaufen auf Gehwegen sollte die Geldbuße erhöht werden. Hundehaufen sind eklig und ein hygienisches Problem. Auch Kinder, Erwachsene und andere Tiere dürfen keine Haufen auf die Gehwege setzen. Entsorgt man die Haufen selbst und sofort, ist eine Geldbuße nicht erforderlich.
PRO;Ich halte eine Randbebauung des Tempelhofer Feldes aus städtebaulichen Gründen für richtig, da das Areal mitten in der Stadt (Hauptstadt) liegt. Die Größe des Feldes lässt sowohl Wohnbebauung als auch großzügige Freiräume zu.
CONTRA;Studiengebühren dürften nicht generell an Universitäten erhoben werden. Universitäten sind für alle Bürger da, unabhängig vom Geldbeutel. Bildung und Ausbildung sind Grundrechte, die der Staat, die Gesellschaft leisten müssen. Fehlt den Universitäten Geld, muss nach Sponsoren gesucht werden. Leider kann dies in manchen Fällen zu unliebsamen Abhängigkeiten führen.
PRO;Naturheilverfahren sind in vielen Bereichen erwiesene gesundheitsfördernde Behandlungsmethoden, die häufig preiswerter als Medikamente der Schulmedizin sind, die ja auch bezahlt werden. Oft sind Naturheilverfahren für die Patienten nicht so sehr belastend. Diese Heilverfahren können durch das aktive Mittun der Patienten häufig Besserung des Zustandes bewirken. Die Kassen müssen befähigt werden, die Entscheidung des Arztes für eine Naturheilbehandlung anzuerkennen und auch zu bezahlen.
PRO;Videospiele sollten in den Reigen der Olympischen Disziplinen aufgenommen werden. Die Leistungen, die dem Spieler teilweise abverlangt werden, sind immens und durchaus mit sportlicher Anstrengung zu vergleichen. Es werden durch verschiedene Spiele auch verschiedene Fähigkeiten gefördert und gefordert, so z.B. Planungsfähigkeit, Reaktionsschnelligkeit und Kombinationsfähigkeit, um nur einige zu nennen. Einige Videospiele sind bezüglich ihrer Anforderungen zwar nicht sportlich relevant, doch sollte dieses Problem durch eine klar strukturierte Vorauswahl gelöst werden können.
PRO;"Die ""Pille danach"" sollte rezeptfrei in der Apotheke erhältlich sein. Auch mit modernsten Verhütungsmethoden kann es zu Fehlern und Problemen kommen und eine ungewollte Schwangerschaft kann sowohl für die Eltern als auch das Kind eine schwere Belastung für den Rest des Lebens darstellen. Manche befürchten einen zu sorglosen Umgang mit solchen Mitteln, doch sollte diesem Problem lieber mit ausführlicher, vorheriger Aufklärung begegnet werden."
PRO;Schuluniformen sollten an unseren Schulen wieder eingeführt werden. Dies sorgt in unserer stark auf wirtschaftlichen Erfolg ausgerichteten Gesellschaft für eine zumindest oberflächliche Gleichmachung, was Diskriminierung finanziell und/oder sozial schlechter gestellter Kinder reduzieren kann. Außerdem erleichtert es das Finden von Schulschwänzern, die sich vielleicht ein paar letzte Schulstunden sparen wollen. Uniformen rufen immer sogleich die Angst vor Verlust der Individualität hervor, doch ist das, was an heutigen Schulen fehlt, eher der echte Gemeinschaftssinn, der durch ein gleiches gemeinsames Auftreten unter Umständen gestärkt wird.
PRO;Die EU sollte auf das politische Geschehen in der Ukraine Einfluss nehmen. Die Entwicklungen in diesem Konflikt sollten nicht allein den ehemaligen Kalter-Kriegs-Opponenten überlassen werden, denn dieser Kurs kann nur in irgendeiner Weise zur Eskalation führen. Die Ukraine liegt der EU außerdem sowohl kulturell als auch geographisch viel näher als andere Länder, in denen sich die EU engagiert (hat). Zwar mag man meinen, dass ein Land mit den internen politischen Umwälzungen selbst fertig werden muss, doch bringt politische Macht auch politische Verantwortung, in diesem Fall die Verantwortung, das ukrainische Volk vor der zu starken Einflussnahme der beiden Großmächte zu schützen.
PRO;Es sollte viel höhere Geldstrafen für auf Gehwegen hinterlassene Hundehaufen geben. In einen Hundehaufen zu treten ist eine widerliche und den Tag ungemein verderbende Sache, verursacht durch den Dreck, den Gestank und den teilweise sehr großen Aufwand des Entfernens. Außerdem sind die Strafen für öffentliches Urinieren eines Menschen höher als für das Liegenlassen eines Hundehaufens auf dem Gehsteig, was unangemessen ist. Manche Hundebesitzer meinen, das Zahlen von Hundesteuer bezahle auch die Beseitigung derartiger Verschmutzungen, doch würde man dieser Logik folgen, so wäre der steuerzahlende Bürger für kaum mehr ein Delikt zur Verantwortung zu ziehen.
PRO;Geheimdienste müssen stärker kontrolliert werden, um ein zu ausuferndes Überwachen zu verhindern. Geheimdienste neigen nämlich zu einem Eigenleben (Staat im Staate), das für demokratische Staaten unverantwortbar wäre. Zudem greifen Geheimdienste in die Privatsphäre der Bürger massiv ein und müssen schon deshalb stark kontrolliert werden, um Missbrauch zu verhindern. Parlamentarische Kontrolle macht aber die Arbeit von Geheimdiensten schwieriger denn sie gefährdet die Verschwiegenheit und Sicherheit von geheimen Daten und V-Männern.
CONTRA;Der Staat darf ein medizinisches Produkt bzw. eine medizinische Behandlung nicht aus moralischen Gründen einschränken, solange sie niemand anderen schädigt. Aber ohne Rezeptpflicht fällt auch die ärztliche Beratung vor der Einnahme weg. Da die Auswirkungen der Pille danach, gerade wegen ihrer überwiegend abtreibenden Wirkung, so massiv sind, wäre eine Abgabe ohne ärztliche Beratung unverhältnismäßig. Ein leichterer Zugang zur Pille danach könnte außerdem dazu führen, dass sie als bequemerer Weg gegenüber anderen Verhütungsmethoden erscheint, die gesundheitlich aber weniger Folgewirkungen haben. Beispielsweise könnte die Pille danach den Einsatz von Kondomen zurückgehen lassen und so die Aidsneuansteckungen steigen lassen.
PRO;Berlin Tegel ist als zentrumsnaher Flughafen gerade für Geschäftsreisende attraktiv und sollte unbedingt offen bleiben. Er ist ein Wirtschaftsfaktor. Die negativen Auswirkungen des Flugverkehrs sind aber beachtlich. Flugverkehr ist stark umweltschädlich. Ganz speziell in Tegel haben die Anwohner Jahrzehnte die Belastungen des Fluglärms ertragen.
CONTRA;Durch den Ankauf von illegal erworbenen Steuerdaten von Bürgern macht sich der Staat selbst nicht nur zum Verbrecher, sondern bezahlt auch noch Kriminelle. Zudem ist der Ankauf solcher CDs ist heute unnötig, da viele Banken wegen geänderter Geschäftsbedingungen ihre Kunden selbst drängen sich anzuzeigen. Ein Ankauf von CDs mit Steuerdaten von Steuersündern kommt daher nicht in Frage. Unbestritten ist aber, dass der Staat durch den Ankauf den Druck auf Steuersünder erhöht, sich selbst anzuzeigen.
PRO;Geheimdienste genießen scheinbar willkürliche Freiheiten. Niemand kann ihre Tätigkeiten im Detail nachvollziehen. Zwar ist eine gewisse Geheimhaltung Basis für die Arbeit der Geheimdienste. Eine unkontrollierte Arbeit der Geheimdienste birgt aber die Gefahr des Missbrauchs ihrer Kompetenzen. Daher müssen Geheimdienste im Rahmen von parlamentarischen Kontrollausschüssen kontrolliert werden.
CONTRA;"Die ""Pille danach"" hat eine Vielzahl von Nebenwirkungen. Eine differenzierte Auseinandersetzung mit Nebenwirkungen ist vom Laien ohne ärztliche Beratung nicht zu leisten. Jedoch sind diese auf der Verpackungsbeilage ohne weiteres nachzulesen und der Wunsch des frühen Schwangerschaftsabbruchs ein Recht einer jeden Frau. Die ""Pille danach"" sollte nur nach Beratung durch einen Arzt oder einen Apotheker verschrieben werden."
CONTRA;Jeder deutsche Bürger hat ein Recht auf Bildung. Qualität an Universitäten hat ihren Preis, weshalb auch die Studenten an diesem Kostenfaktor beteiligt werden sollten. Aber Bildung darf in Wohlstandsgesellschaften wie Deutschland keine Frage des Geldes sein. Daher sollten Universitäten in Deutschland keine Studiengebühren verlangen.
CONTRA;Die Bachelor-Arbeit spiegelt inhaltlich wie methodisch die erlernten Inhalte des Studiums wieder. Aber man kann sich in der Bachelor-Arbeit mal irren. Wenn diese stärker gewichtet wird, könnte das viele gute Einzelleistungen des Studiums stark überdecken. Eine gute Benotung der Arbeit hängt zudem auch entscheidend von der Betreuung durch einen engagierten Dozenten ab. Aufgrund von zu vielen Zufallsparametern sollte die Bachelor-Arbeit keine größere Rolle spielen.
CONTRA;Die alternde deutsche Gesellschaft unterliegt einem demographischen Wandel und das Alter der körperlichen und geistigen Gesunden nimmt nachhaltig zu. Daher nehmen die Kosten für die Sozialsysteme und die Rente zu. Jedoch sollte niemand mehr als 40 Jahre arbeiten müssen. Eine Anhebung des relativen Rentenalters anhand der körperlichen Gesundheit des Durchschnittsbürgers ist angemessen.
CONTRA;Durch das vermehrte Öffnen an Sonn- und Feiertagen steigt die Beschäftigungszahl und -zeit. Allerdings werden hauptsächlich nur Aushilfen (also Studenten, Schüler, etc.) eingestellt, sodass dies kaum Auswirkung auf Vollzeitbeschäftigte bzw. die Arbeitslosenzahl hat. Zudem leidet das Familien- und Privatleben massiv unter dieser Verkürzung und Verschiebung der festen Ruhezeiten. Außerdem können sich nur große Unternehmen die zusätzlichen Personalkosten leisten. Aus diesen Gründen sollte es Supermärkte und Einkaufszentren nicht erlaubt sein, an beliebigen Sonn- und Feiertagen zu öffnen.
CONTRA;Obwohl sich die Arbeitsdichte in vielen Berufen immer mehr verdichtet und der personelle Verschleiß physisch und psychisch immer mehr steigt, sollte das Rentenalter in Zukunft nicht weiter bei nur 63 Jahren liegen. Denn durch die niedrige Geburtenrate wächst der Anteil der alten Bevölkerung und damit die Rentenkosten immer mehr und außerdem sind durch die heutige Medizin in vielen Berufssparten die meisten Menschen auch im hohen Alter noch einsatzfähiger als früher.
CONTRA;Viele Menschen erfahren nachweislich durch Natur- und Heilpraktiker deutliche Linderung der Symptome und des Krankheitsgrades. Allerdings gibt es keine nachweislichen Daten, dass diese Heilung nicht nur auf dem Placebo-Effekt beruht. Außerdem sind viele Tätigkeiten in dieser Sparte keine geschützten Berufe, sodass Scharlatane und Schwindler, unbemerkt für die Patienten, diese ausüben können. Deshalb sollten die gesetzlichen Krankenkassen diese Behandlungen nicht bezahlen. Es wäre jedoch denkbar, seitens des Staates mehr in die Ausbildung und Kontrolle dieser Berufssparte zu investieren.
PRO;In Berlin herrscht seit Jahren Wohnungsmangel, sodass eine Nutzung des Tempelhofer Feldes, das viel Freiraum bietet und zurzeit kaum bebaut ist, als Wohnraum eine sinnvolle Idee ist. Da die Fläche dem Land bzw. dem Bund gehört, könnte es sogar für sozialen Wohnungsbau mit bezahlbaren Mietpreisen genutzt werden. Allerdings ist das Feld momentan für viele Besucher und Berliner, gerade im Frühling und Sommer, zu einem attraktiven Freizeitpark mit Sportmöglichkeiten geworden. Wenn man einen Kompromiss aus Grünfläche und sozialem Wohnungsgebiet finden würde, sollte das Tempelhofer Feld auf jeden Fall für den Wohnungsbau zur Verfügung stehen.
PRO;Da ich selbst Apotheker bin, spreche ich mich absolut für das rezeptfreie Erhalten der „Pille danach“ in der Apotheke aus. Aus medizinischer Sicht gesehen, ist die „Pille danach“ am wirksamsten, wenn sie möglichst schnell nach dem Verkehr eingenommen wird. Wenn jedoch immer erst ein Gang zum Arzt (mit Fahr- und Wartezeiten, möglichem Schamgefühl, etc.) nötig ist, führt dies zu mehr ungewollten Schwangerschaften. Viele Gegner der Pille führen jedoch an, dass damit die Beratung des Arztes wegfällt und viele Frauen sie unnötig einnehmen. Allerdings ist es so, dass wir Apotheker gesetzlich dazu verpflichtet sind, die Patienten aufzuklären und dasselbe Fachwissen besitzen, wie Ärzte.
PRO;Der Bruch des Völkerrechts sollte wohl mehr als genug sein, um über eine Reaktion nachzudenken! Die Menschheit hat in ihrer Geschichte genug Fehler gemacht, indem sie zulange gewartet hat und als sie dann reagierte, blieb meist nur noch der Krieg. Allerdings kann in unserer zivilisierten Welt, in einem demokratischen Land, das Volk wohl über sich selbst bestimmen, solange die Motivation dieser Menschen nicht von Propaganda, Korruption und militärischem Druck ausgelöst werden. Da aber in Russland neben Gas und Öl nur Propaganda und Korruption herrschen, sollte sich die EU schleunigst einmischen!
CONTRA;"Mit 63 in Rente, das hat sich wohl jeder verdient, der bis hierhin (ununterbrochen) geschuftet hat. Nur bleibt die Frage, ob es mit der frühen ""Freizeit"" schöner wird, wenn man nicht weiß, was man den ganzen Tag machen soll und statistisch noch knapp 20 (!!!) Jahre zu leben hat? Auch übernimmt man so keine Verantwortung für die Gesellschaft, wenn man aus persönlichen/privaten Gründen seine erfahrene, gesunde und qualitativ hochwertige Arbeitsfähigkeit früher als nötig aufgibt. Gerade jetzt, da Fachkräftemängel auftreten, ist es unverantwortlich für die Wirtschaft und den Wohlstand mit 63 in Rente zu gehen."
PRO;Videospiele, bei mir namentlich FIFA, können junge Menschen stundenlang, intensiver und emotionaler begeistern als jeder Sport der Welt! Es wäre richtig, sie auch zu einer olympischen Disziplin zu machen. Vielleicht ist es für einen Zuschauer weniger spannend, als für den Spieler selbst, aber auch für aktuelle olympische Disziplinen, ich erinnere mich zuletzt an Curling oder 50 km Ski-Langlauf, muss man mehr als ein Freak sein, sich das länger als in der Zusammenfassung reinzuziehen. Außerdem ist die Hürde, Videospiele olympisch zu machen minimal, braucht es ja nicht mal Dopingkontrollen, sondern nur eine neutrale Konsole. Und körperliche, geistige und insbesondere mentale Fähigkeiten verlangt so manches Videospiel, wenn ich an das Finale des letzten Fifa-Turniers denke, mehr ab, als eine Kugel 20 Meter weit zu stoßen.
CONTRA;Mietpreise sind bereits heute aufgrund bestehender Gesetze und des Mietspiegels zugunsten der Mieter stark reguliert. Angesichts der hohen Kaufpreise für Wohnungen mit bestehenden Mietverträgen sind diese ein unattraktives Investment. Auch wenn man meinen könnte, dass man neben dem Mieterschutz einen zusätzlichen Neumieterschutz benötigt, sollte man einem langjährigen Eigentümer nicht die Chance auf Angleichung seiner Rendite auf Marktniveau verwehren. Eine Begrenzung der Mietpreiserhöhung bei Mieterwechsel ist daher nicht zu befürworten.
PRO;Eigentümergeführte Geschäfte werden möglicherweise von der zusätzlichen Arbeitszeit an Sonn- und Feiertagen überfordert, allerdings dominieren bereits heute Supermärkte und große Einkaufszentren den Markt. So können auch kleinere Geschäfte von der zusätzlichen Freiheit profitieren, da die Kunden am Sonntag im Durchschnitt entspannter einkaufen. Eine Öffnung an Sonn- und Feiertagen würde daher Kunden und Geschäften helfen.
CONTRA;Höhere Geldstrafen für Hundehaufen sind sinnlos, solange es nicht genügend Personal gibt, um sie durchzusetzen. Im Einzelfall mögen sie tatsächlich auch abschreckend wirken, im Allgemeinen wird aber eine sehr saubere Umgebung und die Vorbildwirkung von anderen den Hundehalter eher zum Einsammeln der Häufchen veranlassen, als eine potentielle Strafe.
CONTRA;Ich bin nicht der Auffassung, dass das Rentenalter bei 63 Jahren liegen sollte. Dies würde bedeuten, dass in Zukunft viele Arbeitskräfte in den Unternehmen fehlen werden. Ein besonderes Problem wäre auch die Einführungsphase der Rente mit 63, da sofort bei Einführung viele aktuelle Arbeitnehmer gehobenen Alters Anspruch auf den Renteneintritt hätten. Das schädigt den Standort Deutschland und hinterlässt die Arbeitgeber ohne Übergangsfrist. Hier besteht die Gefahr, dass nicht ausreichend erfahrene Nachwuchskräfte zur Verfügung stehen.
CONTRA;Ich glaube, Berlin hatte mit zwei innerstädtisch Flughäfen Glück in Jahrzehnten keine Flugzeugkatastrophe erleben zu müssen. Schon aus Sicherheitgründen halte ich den Weiterbetrieb für falsch. Auch benötigt Berlin dringend innerstädtische Flächen für produzierendes Gewerbe und Industrie und für Wohnungen. Die Schließung von Tegel wird gesundheitliche Vorteile für Hunderttausende in der Einflugschneise haben. Diese Gebiete werden durch diese Faktoren (Wohngesundheit und Arbeitsplätze) auch wirtschaftlich aufgewertet. Nach der Eröffnung vom neuen Flughafen BER sollte Tegel also auf jeden Fall geschlossen werden.
NEUTRAL;Freddy und ich müssen Geschwister sein. Wir haben beide genau die gleichen zwei Leberflecke auf dem linken Arm und so etwas gibt es nur bei Geschwistern. Meine Eltern sagen, das könnte auch reiner Zufall sein. Aber so viel Zufall gibt's doch gar nicht.
NEUTRAL;Das Berliner Basketballteam hat eine ernüchternde Saison hinter sich. Gerade in den Heimspielen blieb die Mannschaft oft hinter den Erwartungen zurück. Trauriger Höhepunkt: Im ausverkauften Stadion 60:87 gegen schwächelnde Mannheimer verlieren. Zwar landete die Mannschaft in der Liga am Ende doch noch auf Platz drei, aber bei den hohen Ausgaben für die Star-Spieler hätte man mehr erwarten können.
NEUTRAL;Tom in unsere Fußballmannschaft aufzunehmen war ganz klar ein Fehler. Er ist einfach kein Teamspieler, macht häufig Alleingänge. Außerdem kommt er viel zu selten zum Training, wenngleich er auch ohne Training sehr gut spielen kann. Am schlimmsten aber ist seine Angewohnheit, grundsätzlich beim Schiedsrichter zu reklamieren.
NEUTRAL;Antivirenprogramme schützen den Benutzer eines Computers vor Gefahren aus dem Internet. Deswegen sollte jeder ein Antivirenprogramm auf seinem Windows-Computer haben. Zwar verhindern sie nicht generell, dass man sich einen Virus einfängt, da sie nur auf bekannt gewordene Bedrohungen reagieren können. Aber ist für einen neuen Virus ein Schutz gefunden, erhalten ihn alle in Windeseile mit dem automatischen Update.
NEUTRAL;Heute werde ich mein Facebook-Konto löschen. Nicht nur weil ich mich regelmäßig wundere, wer da alles zu meinen Freunden gehören will. Ich habe auch keine Lust mehr, mit meinen Daten den Börsenwert dieses Unternehmens zu steigern. Facebook warnt eindringlich, ich könnte den Kontakt zu meinen Freunden verlieren. Dabei werde ich jetzt erst recht Zeit für meine Freunde haben.
NEUTRAL;Peter sollte seine Imbissbude so bald wie möglich schließen. Der Preisdruck ist einfach zu groß, und sein Kundenstamm schrumpft stetig. Zwar könnte er noch einmal richtig die Werbetrommel rühren, aber das hilft auch nichts wenn das ganze Viertel den Bach runter geht.
NEUTRAL;Die neue Tournée von Tokio Hotel bricht alle Rekorde. Noch nie gab es längere Schlangen an den Vorverkaufsschaltern --in Japan bildete sich eine mit der Länge von 3,2km-- außer vielleicht in den Hochzeiten von Take That. Aber auch die Onlinehändler sind dem Ansturm zwischenzeitlich nicht gewachsen gewesen.
NEUTRAL;Obwohl die Geschäftszahlen von IBM in letzter Zeit nicht umwerfend waren und die Stimmung an der Börse insgesamt besser sein könnte, solltest du IBM Aktien kaufen, wenn du investieren willst. Denn einerseits verkaufen sich deren Produkte auch in schlechten Zeiten noch, und andererseits ist die Aktie nicht so anfällig wie die anderer IT-Unternehmen.
NEUTRAL;Du solltest weniger fernsehen, denn zuviel Fernsehen macht auf Dauer dumm, wie bei deinem Bruder. Eine Ausnahme wäre es, wenn du nur Quizshows sehen würdest, aber du guckst ja eher BigBrother und X-Diaries.
NEUTRAL;In wenigen Jahrzehnten wird unsere Gesellschaft überaltert sein: Die Lebenserwartung steigt kontinuierlich, gleichzeitig geht die Geburtenrate zurück. Zwar ist Kinderkriegen in den letzten Jahren wieder in Mode gekommen, aber diese kurzfristigen Schwankungen der Geburtenrate ändern nichts an der generellen Entwicklung.
NEUTRAL;Wir sollten am Wochenende an die Ostsee fahren. Laut Wetterbericht wird es perfektes Strandwetter geben und das darf man nicht ungenutzt lassen, selbst wenn ich für Dienstag noch ein Referat vorbereiten muss. Außerdem darf ich das große, bequeme Auto von meinen Eltern nehmen.
NEUTRAL;Das neue Smartphone XYZ-123 kann ich jedem nur empfehlen. Zwar könnte die Kamera noch besser sein, denn sie hat nur eine mittelmäßige Auflösung und in dunklen Umgebungen sind die Bilder schnell verrauscht. Aber für Schnappschüsse reicht es dennoch.
NEUTRAL;Wann immer Peter auf einer Party eine Exfreundin trifft, verzichtet er vorsichtshalber auf weiteren Alkoholkonsum. Als er gestern von Ralfs Party heimkam, war er immer noch stocknüchtern. Folglich muss eine seiner Exfreundinnen dort gewesen sein. Zwar behauptet Ralf, dass sie gemeinsam Eierlikör getrunken hätten. Aber den würde Peter auch ohne Exfreundin niemals anrühren.
NEUTRAL;Ich glaube, der Fritz hat sich in seinem Leben noch nie geprügelt. Er soll sich ja als Junge hin und wieder mit anderen Chorknaben gebalgt haben, aber das wird man ja wohl kaum als richtige Schlägerei durchgehen lassen. Außerdem verdrückt er sich meistens gleich wenn's brenzlig wird. Gestern, als uns die Türsteher erst nicht reinlassen wollten, da war er auch ganz plötzlich weg.
NEUTRAL;Jeden Tag werden in U- und S-Bahnen, Bussen und Zügen Fahrgäste von Rowdys oder Betrunkenen belästigt. Und auch die Vorschriften der Verkehrsbetriebe werden selten eingehalten. Deswegen brauchen wir mehr Polizeipräsenz in öffentlichen Verkehrsmitteln, selbst wenn dafür eigentlich die Betriebs-eigenen Sicherheitskräfte gedacht waren. Die Fahrgäste würden sich dann auf jeden Fall sicherer fühlen.
NEUTRAL;Bald ist Bundestagswahl und traditionellerweise ist die Regierungspartei im Vorfeld von Bundestagswahlen großzügig mit populären Versprechungen. Trotzdem sollte Regierungschefin Merkel sich dieses Jahr mit dem Ankündigen von Wahlgeschenken besser zurückhalten. Der Wähler ist skeptischer geworden. Zu viele Versprechen sind nicht gehalten worden.
NEUTRAL;Übermäßiger Fleischkonsum ist ungesund. Zudem ist die Fleischproduktion vergleichsweise Ressourcen-intensiv. Wir sollten daher alle unseren Fleischkonsum rigoros einschränken. Man könnte befürchten, dass unsere Bauern dadurch in wirtschaftliche Schwierigkeiten kommen würden. Aber kein ernstzunehmender Ökonom wollte diese Vorhersage bisher bestätigen.
NEUTRAL;Schweinsteiger ist jetzt schon seit drei Spieltagen verletzt. Wir brauchen dringend einen Ersatz im Mittelfeld für das kommende Match. Der Arzt könnte ihn zwar mit genug Schmerzmitteln spieltauglich schreiben, aber das würde die Verletzung langfristig nur noch schlimmer machen. Außerdem bringt ein junger Ersatzspieler immer auch neuen Schwung ins Team.
NEUTRAL;Eine Bankenrettung kostet sehr, sehr viel Geld. Für die Pleitebank 'Hypo Real Estate' stand der Steuerzahler z.B. mit einem dreistelligen Milliardenbetrag ein. Deswegen sollten wir uns weitere Bankenrettungen nicht erlauben. Die Politik versucht uns damit zu beruhigen, dass man eigentlich nur einen kleinen Teil des vielen Geldes wirklich ausgäbe. Auch mit diesem kleinen Teil könnte man an anderer Stelle viel Gutes tun.
NEUTRAL;Der Prototyp von Audi's neuem Sportwagen lässt die Herzen von Autoliebhabern höher schlagen. Am Lenksystem muss zwar noch etwas gefeilt werden, denn bei höheren Geschwindigkeiten bricht der Wagen schnell aus und man wird mit dem Prachtstück ja sicher oft schnell unterwegs sein. Aber ansonsten erfüllt der Wagen so ziemlich jeden Wunsch.
NEUTRAL;Energiesparlampen enthalten eine beträchtliche Menge Giftstoff. Eine handelsübliche Lampe kann z.B. bis zu fünf Milligramm Quecksilber enthalten. Deswegen sollten sie vom Markt genommen werden, es sei denn sie wären unzerbrechlich. Aber genau das ist leider nicht der Fall.
NEUTRAL;Großveranstaltungen, die national oder gar international Aufmerksamkeit erregen, ziehen viele Besucher an, und nichts hilft Berlin eher aus der finanziellen Patsche als viele zahlungsfreudige Besucher. Deswegen sollte der regierende Bürgermeister die Hürden für die Austragung solcher Veranstaltungen so niedrig wie möglich halten. Zwar wäre ein deutlich höherer Zuschuss vom Bund für die Berliner Kassen natürlich noch besser, aber darauf braucht man nicht zu hoffen.
NEUTRAL;Morgen werde ich zum ersten Mal im meinem Leben Fallschirmspringen. Ja, es besteht eine gewisse Lebensgefahr dabei. Aber ich will diesen unglaublichen Moment der Freiheit spüren, von dem Springer immer wieder berichten. Außerdem hat Jochen letztens einen Fallschirmsprung geschenkt bekommen, und es darf nicht sein, dass dieser Möchtegern-Abenteurer mir etwas voraus hat.
PRO;Nicht jeder sollte verpflichtet sein, den Rundfunkbeitrag zu bezahlen. Besonders die jüngeren Generationen sind auf das Angebot der öffentlich-rechtlichen Sender nicht mehr angewiesen. US-Serien werden dem Tatort vorgezogen, es wird auf Onlinezeitschriften statt auf die Tagesthemen zurückgegriffen. Der Rundfunkbeitrag ermöglicht wirtschaftlich unabhängigen Journalismus. Doch solange die Gebührenzahler keinen Einfluss auf die Verteilung der Gelder haben, verärgert sie der Beitrag zu Recht.
PRO;Im Grunde wäre es gerechtfertigt, wenn alle Universitäten in Deutschland Studiengebühren verlangen würden. Solange sichergestellt wird, dass das Geld wirklich direkt den Universitäten zugutekommt, kann durchaus weiterhin von sozialer Gerechtigkeit gesprochen werden. Wer später studiert, entscheidet sich ohnehin bereits in früheren Jahren. Es ist jederzeit möglich, einen Studienkredit aufzunehmen oder sich ein Stipendium zu erarbeiten. Nichtakademiker über Steuerabgaben dazu zu verpflichten, anderen das Studium zu finanzieren, scheint dagegen nicht gerecht.
CONTRA;Für die Bachelorarbeit hat man in linguistischen Studiengängen in der Regel nur acht Wochen Zeit. Den Anteil an der Gesamtnote trotzdem nach oben zu korrigieren, würde dem Verhältnis zu anderen erbrachten Studien- und Prüfungsleistungen nicht entsprechen. Die aktuelle Regelung zur Berechnung der Gesamtnote sollte daher beibehalten werden. Zwar ist das Erstellen einer solchen wissenschaftlichen Arbeit eine der grundlegendsten Kompetenzen, die in sprachwissenschaftlichen Studiengängen erworben werden muss. Dennoch werden in den sechs oder sieben Semestern Studium Inhalte vermittelt, die ebenfalls entsprechend ins Gewicht fallen müssen.
PRO;Supermärkte und Einkaufszentren sollten an beliebigen Sonn- und Feiertagen geöffnet werden dürfen. Das mag für die Angestellten eine Umstellung sein, die sich nicht ohne Weiteres realisieren lässt. Besonders für berufstätige Kunden würde es aber größere Flexibilität und weniger nervenaufreibende Stoßzeiten unter der Woche bedeuten. Mit der zunehmenden Digitalisierung der Gesellschaft wird das herkömmliche Modell des Wochenendes bald überholt sein. Viele europäische Länder, beispielsweise die Niederlande, Schweden oder Großbritannien, haben das bereits erkannt und die Öffnungszeiten der Geschäfte erfolgreich angepasst.
CONTRA;Wenn Deutschland die Todesstrafe einführen würde, könnten verurteilte Verbrecher nicht vorzeitig entlassen werden oder ausbrechen und neue Straftaten begehen. Allerdings bringt der Tod den Betroffenen und Angehörigen nicht mehr als wenn die Verbrecher eine Haftstrafe langjährige bekommen würden. Außerdem leben wir nicht mehr im Mittelalter. Die Todesstrafe zu verhängen ist unethisch. Wir brauchen sie nicht.
PRO;Supermärkten und Einkaufszentren sollte es erlaubt werden, an beliebigen Sonn- und Feiertagen zu öffnen. Denn so wären verkaufsoffene Sonntage besser übers Jahr verteilt. Außerdem würden die Straßen und Geschäfte vermutlich leerer sein, da nicht alle mehr am gleichen Tag geöffnet haben. Allerdings wird man dann einen schlechteren Überblick darüber haben, was denn am jeweiligen Tag nun geöffnet ist.
PRO;Wenn es höhere Geldstrafen für auf Gehwegen hinterlassene Hundehaufen geben würde, würde es vermutlich weniger Hundehaufen geben, was wiederum in allgemein sauberere Bürgersteige resultieren würde. Zwar ist ein höheres Bußgeld gerade für finanziell schlechter gestellte Personen nicht besonders gut, aber Hundehaufen zu entfernen ist nun mal Pflicht des Hundehalters.
CONTRA;Deutschland sollte auf keinen Fall die Todesstrafe einführen. Gäbe es eine Todesstrafe, würde das bedeuten, dass es Menschen erlaubt werden soll, sich über andere zu stellen und über deren Leben zu entscheiden. Die Todesstrafe auszuführen wäre Mord und müsste ebenfalls mit der Todesstrafe bestraft werden. Was aber ist mit Straftätern, die wirklich schlimme Verbrechen begangen haben, wie etwa Mord oder Vergewaltigung - soll es diesen einfach erlaubt sein, weiterzuleben, obwohl sie ein anderes Leben genommen oder zerstört haben? Ja, denn es ist eine sehr viel schlimmere Strafe, für immer im Gefängnis zu sein und von den eigenen Gedanken gequält zu werden, als schnell und einfach durch eine Injektion getötet zu werden.
PRO;Bei dem, was heutzutage im Fernsehen läuft, ist es angemessen, nur die Leute zahlen zu lassen, die die Beiträge auch wirklich verfolgen (wollen). Teilweise laufen nur Sendungen für die ältere Generation zu Spielfilmzeiten, wieso sollten also alle dafür zahlen? Werbung gibt es inzwischen auf allen Kanälen, also ergibt sich auch hierdurch kein Vorteil für die im Moment zahlenden Zuschauer der Öffentlich Rechtlichen Sender. Trotzdem muss man sagen, dass es dann wahrscheinlich viel weniger dieser Sender gibt, wenn nicht mehr ganz Deutschland zahlen muss. Das sollte allerdings bei der Masse an Sendungen und Sendern, die sowieso meistens das Gleiche zeigen, kein Problem sein.
PRO;Mietpreiserhöhungen bei einer Neuvermietung sind an sich nicht so schlimm, wenn es sich nur um einen kleinen Betrag handelt, sehr schlimm allerdings, wenn die Miete auf einmal 100,- bis 200,-€ steigt. Bei diesen Beträgen überlegt man es sich noch einmal, ob man wirklich in der Wohnung bleiben will. Wenn es schon Mietpreiserhöhungen gibt, dann soll es also auch eine Beschränkung geben, um bösen Überraschungen vorzubeugen. Den Vermietern ist so geholfen, weil sie mit der Erhöhung ihre Ausgaben anpassen können, und den neuen Mietern ist ebenfalls geholfen, da sie eine maximale Mietpreiserhöhung einkalkulieren können. Dass die Vermieter dann in der Verwaltung ihres Eigentums etwas eingeschränkt werden ist kein Problem, da sie letztendlich ja doch am längeren Hebel sitzen.
CONTRA;Deutsche Universitäten sollten auf keinen Fall Studiengebühren verlangen. Dies würde nur dazu führen, dass sich nur Menschen mit gut verdienenden Eltern oder einer vorherigen Ausbildung und einem Nebenjob während des Studiums überhaupt für ein Studium bewerben könnten. Auch ohne Studiengebühren muss jeder zweite während des Studierens arbeiten und hat so weniger Zeit für das Lernen und die Freizeit. Man kann zwar behaupten, durch mehr Studiengebühren würden auch die Bildungseinrichtungen besser ausgestattet werden. Doch was bringt eine wunderbar ausgestattete Universität, wenn sie dem Großteil der schlauen Menschen gar keine Chance gibt, mit der tollen Ausstattung ihren Horizont zu erweitern?
CONTRA;Auch Supermarktangestellte und Menschen, die in Einkaufszentren arbeiten, haben das Recht, einen freien Sonntag zu haben. Ebenso sollen Feiertage das bleiben, was sie sind: für die Einen Tage der Einkehr, für die anderen bezahlter Urlaub, die nicht vom eigentlichen Urlaub abgehen. Also ist es gut, wenn die Geschäfte an Sonn- und Feiertagen nicht öffnen. Menschen, die jedoch unter der Woche und Samstags arbeiten, haben dann allerdings ein Problem: alle anderen können werktags einkaufen gehen, sie jedoch nicht. Für diese Menschen stellen die späten Schließungszeiten, die inzwischen schon bis um 12:00 nachts gehen, eine gute Alternative dar.
PRO;Geheimdienste sollten stärker vom Parlament kontrolliert werden, denn wie der jüngste NSA-Abhörskandal gezeigt hat, ist die Landesregierung vermeintlich nicht immer mit den Tätigkeitsbereichen seiner Nachrichtendienste vertraut. Kontrollen könnten dazu beitragen, dass die einzelnen Dienste in ihren bisher sehr undurchsichtigen Handlungsspielräumen eingeschränkt werden. Es bleibt jedoch fragwürdig, ob die tatsächliche Durchführung derartiger Kontrollen auch gleichzeitig zur stärkeren Einhaltung von Gesetzen führt, denn jetztendlich liegt diese Entscheidung in den Händen des jeweiligen Regierungschefs.
NEUTRAL;Der BER sollte von Grund auf an neu konzipiert werden, auch wenn bereits einige Milliarden Euro in das bestehende Flughafen-Großprojekt investiert wurden und sich auf diese Weise der Fertigstellungstermin auf unbestimmte Zeit hinauszögern würde. Sowohl die nur schleppend varangehenden Baumaßnahmen, als auch die sich anhäufenden Sicherheitsmängel zeigen deutliche Defizite in der Gesamtplanung.
CONTRA;Trotz der starken, zeitweise zu eskalieren drohenden Auseinandersetzungen in Kiew, sollte sich die EU nicht in das dortige politische Geschehen einmischen. Obwohl die Ukraine zwar ein europäisches Land ist und die ukrainische Opposition vor allem an der Durchsetzung einer tragfähigen Demokratie interessiert ist, steht möglichen Unterstützern durch das Einmischen Russlands in die dortige Politik ein deutlich mächtigerer Gegner gegenüber.
CONTRA;Die Umsetzung einer Rente ab 63 Jahren ist gesellschaftlich nicht mehr tragfähig, da die Bevölkerung in Deutschland demographisch betrachtet überaltert und es stetig sinkende Geburtenraten zu verzeichnen gibt. Zwar steigt zunehmend die Anzahl an Zuwanderungen nach Deutschland, doch ohne genügend gut ausgebildete Nachwuchsarbeitskräfte gibt es kaum eine Möglichkeit zur ausreichenden Rentenfinanzierung.
CONTRA;"Unsere Gesellschaft droht am ""niemals Feierabend"" zu überhitzen. Obwohl Politiker den christlichen Charakter unseres Landes betonen, wurde in den letzten 20 Jahren der freie Sonntag immer mehr dem Verkauf geopfert. Dabei hat ein freier Tag in der Woche nicht nur den Grund, Zeit für den Kirchgang zu gewinnen. Vielmehr soll den Menschen die Möglichkeit eines mentalen Breaks gegeben werden. Deshalb sollte es einen Tag in der Woche geben, an denen die Supermärkte und Einkaufszentren geschlossen bleiben."
CONTRA;Der Gedanke an eine Fernsehlandschaft mit nur noch privaten Kanälen macht mir Angst. Zwar sind Trash und Krawall genau das, was eine Mehrheit der Menschen sehen will. Deshalb aber Fernsehen nur noch an Einschaltquoten orientiert anzubieten wäre gefährlich. Nur in öffentlich-rechtlichen Fernsehsendungen können Zuschauer Informationen erhalten, die nicht gewinnorientiert sind. Und da es Aufgabe der Gesellschaft ist, bestimmte Gebiete, die marktwirtschaftlich nicht bestehen könnten, gemeinsam zu finanzieren, sollte auch jeder seinen Beitrag leisten.
CONTRA;"Trotz Todesstrafe geschehen in den USA signifikant mehr Morde als in Deutschland. Die Angst vor Bestrafung schreckt Mörder also nicht ab. ""Auge um Auge"" scheint seinen Sinn zu verfehlen. Der Staat soll Morde verhindern - nicht rächen. Eine Wiedereinführung der Todesstrafe in Deutschland wäre ein Rückschritt ins Mittelalter."
PRO;"""Eigentum verpflichtet"" lautet ein Grundsatz unserer Gesellschaftsordung. Zwar soll ein Jeder aus seinem Eigentum maximalen Profit schlagen können. Eine alleinige Bestimmung des Mietpreises anhand des Marktes wird jedoch zu einer weiteren Separierung der Gesellschaft führen. Reiche und Arme wohnen in getrennten Vierteln. Eine permanente Erhöhung der Miete bei Mieterwechsel kann also von der Gesellschaft nicht gewollt sein."
CONTRA;Es ist ganz klar, dass der Sonntag ein Ruhetag bleiben soll. Denn man kann ja an 6 Tagen die Woche einkaufen, da die Geschäfte an manchen Tagen bis 22 Uhr geöffnet haben. Somit sollte der Sonntag ein Tag des Beisammenseins der Familie sein, sonst wird sich eine neue Freizeitart bilden, in der die Menschen die Zeit in Supermärkten anstatt draußen oder beim gemeinsamen Gesprächen usw. verbringen. Außerdem gibt es kein Bedarf für das Offenhalten der Geschäfte an den Sonntagen.
PRO;Die BA-Arbeit soll, wenn nicht die Gesamtnote bilden, dann mindestens einen größeren Anteil daran haben. Denn eine gute Gesamtnote hält zwar viele Türen offen, ist aber für den Arbeitgeber nicht erstrangig. Mit der BA-Arbeit kann man jedoch die Interessen und die Fachkenntnisse besonders gut zeigen. Schließlich ist man nicht in jedem Fach sehr gut.
PRO;Hundebesitzer sollen höhere Geldstrafen für auf Gehwegen hinterlassene Hundehaufen bezahlen, obwohl es zu wenig Mülleimer und Beutelspender für Hundehaufen gibt. Ein Grund dafür ist, dass sie trotz der Beseitigungspflicht bisher kaum mit Konsequenzen rechnen mussten. Eine höhere Strafe, dass die Hundebesitzer tiefer in die Tasche greifen müssten, soll nämlich abschreckend wirken. Die Stadt, vor allem die Grünflächen, sollen schließlich sauber gehalten werden, denn sie dienen der Erholung. Außerdem darf der Müll auch nicht straffrei liegengelassen werden.
PRO;"Die Todestrafe ist keine Lösung, weil es nicht auszuschliessen ist, dass die Justiz sich nicht irren kann. Die Straftäter sollten jedoch nicht in Luxus-Gefängnissen sitzen. Es gibt nämlich Straftäter, die gegen gute Verpflegung, keine Steuern, die bezahlt werden müssen, kein Stress um die Arbeit, gerne in den Gefängnissen ""leben"". Trotzdem braucht der Staat braucht die Todesstrafe als Abschreckung für abscheuliche Straftaten."
PRO;Der Rundfunkbeitrag sollte nur von denen eingefordert werden, die das Angebot der Öffentlich Rechtlichen Sender auch nutzen. Schließlich gibt es viele Menschen in Deutschland, die die Beitrage bezahlen, obwohl sie lediglich einen Rechner zum Arbeiten verwenden. Trotzdem werden die Gebühren von jedem verlangt, der keine Befreiung anmeldet, egal, wieviele Geräte sich in einem Haushalt befinden und wie sie verwendet werden. Allerdings leuchtet ein, dass die Mitarbeiter der GEZ nicht die Möglichkeiten haben, die Benutzung jeden einzelnen Gerätes zu prüfen.
CONTRA;"Niemand sollte die Möglichkeit haben, sich die ""Pille danach"" rezeptfrei in der Apotheke zu holen. Zwar gäbe es den Vorteil, sich die Peinlichkeit eines Arztbesuches oder das nächtliche in-die-Ambulanz-fahren zu sparen, dennoch sollten Frauen vor der Einnahme über die Risiken aufgeklärt werden und gynäkologisch untersucht werden. Außerdem besteht das Risiko, dass Frauen die rezeptfreie ""Pille danach"" als Verhütungsersatz verwenden könnten."
PRO;Hundehaufen auf Gehwegen sind eine echte Gefahr. Immer wieder rutschen Kinder oder ältere Leute darauf aus. Eine Geldstrafe für Haufenhinterlassung mutet zugegeben ziemlich obrigkeitsstaatlich an, aber ähnliche Regelungen gibt es schließlich oft auch für Fahrräder auf Parkwegen. Die Geldstrafen zu erhöhen ist also der richtige Weg. Eine hundehaufenfreie Stadt wird nicht nur für die Bewohner, sondern auch für Touristen viel attraktiver sein!
